genes_45_76_24_15_98_25_40_0_8_65_56_24_12_80_30_45_60_11_92_95_79_44_2_84_73_38_52_26_27_44_51_35_57_80_2_18_88_69_56_40,0,0.0,0.0,45,76,24,15,98,25,40,0,8,65,56,24,12,80,30,45,60,11,92,95,79,44,2,84,73,38,52,26,27,44,51,35,57,80,2,18,88,69,56,40
genes_75_33_93_25_12_0_20_46_5_68_100_3_16_78_21_28_82_90_80_8_94_8_0_27_41_84_76_65_11_9_41_75_39_80_25_97_29_35_21_43,2,0.01734678155015371,15.117974817029872,75,33,93,25,12,0,20,46,5,68,100,3,16,78,21,28,82,90,80,8,94,8,0,27,41,84,76,65,11,9,41,75,39,80,25,97,29,35,21,43
genes_31_60_0_99_95_79_45_56_5_59_16_26_11_92_7_2_83_54_93_0_80_44_10_33_49_100_44_81_43_44_98_52_98_84_81_98_94_73_85_88,4,0.03995046213802422,45.42670015097394,31,60,0,99,95,79,45,56,5,59,16,26,11,92,7,2,83,54,93,0,80,44,10,33,49,100,44,81,43,44,98,52,98,84,81,98,94,73,85,88
genes_31_24_23_99_92_79_45_51_5_56_73_5_37_52_15_67_83_84_93_0_30_7_76_57_25_97_0_70_3_33_17_89_82_93_97_100_86_73_88_70,5,0.07366667790862604,97.61342387103183,31,24,23,99,92,79,45,51,5,56,73,5,37,52,15,67,83,84,93,0,30,7,76,57,25,97,0,70,3,33,17,89,82,93,97,100,86,73,88,70
genes_91_64_93_33_95_34_46_38_65_64_100_3_30_78_51_44_100_91_71_70_39_9_100_20_25_94_34_2_39_64_90_90_34_29_8_20_96_6_60_70,4,0.07197497222192739,100.63449424301825,91,64,93,33,95,34,46,38,65,64,100,3,30,78,51,44,100,91,71,70,39,9,100,20,25,94,34,2,39,64,90,90,34,29,8,20,96,6,60,70
genes_44_59_4_96_26_97_64_90_62_30_16_0_16_93_21_55_53_11_66_55_86_1_5_23_50_57_44_90_29_67_99_46_45_88_11_25_49_72_90_38,3,0.06398231627671352,103.70681078961945,44,59,4,96,26,97,64,90,62,30,16,0,16,93,21,55,53,11,66,55,86,1,5,23,50,57,44,90,29,67,99,46,45,88,11,25,49,72,90,38
genes_54_87_79_95_87_87_91_51_6_35_55_8_69_77_42_91_84_41_63_67_51_0_100_92_99_57_76_90_3_93_100_55_64_88_21_59_92_43_85_20,2,0.07228198198868219,105.3505538928315,54,87,79,95,87,87,91,51,6,35,55,8,69,77,42,91,84,41,63,67,51,0,100,92,99,57,76,90,3,93,100,55,64,88,21,59,92,43,85,20
genes_76_59_12_20_19_97_37_79_62_29_15_68_17_48_17_46_93_95_95_77_79_34_11_71_64_38_75_90_5_9_45_35_52_59_92_10_93_86_97_89,4,0.07939728856787816,116.0857470670968,76,59,12,20,19,97,37,79,62,29,15,68,17,48,17,46,93,95,95,77,79,34,11,71,64,38,75,90,5,9,45,35,52,59,92,10,93,86,97,89
genes_75_59_68_70_12_53_48_51_78_56_34_0_16_4_15_67_93_90_0_81_30_57_39_28_38_84_3_65_11_44_41_75_48_80_97_9_88_58_81_73,6,0.06950303454289368,118.31951263663062,75,59,68,70,12,53,48,51,78,56,34,0,16,4,15,67,93,90,0,81,30,57,39,28,38,84,3,65,11,44,41,75,48,80,97,9,88,58,81,73
genes_39_100_71_95_22_95_91_6_82_38_55_8_30_77_42_44_72_97_63_55_50_12_62_26_99_89_29_34_3_95_41_98_49_88_21_98_96_36_85_3,2,0.08117614629552405,123.75734812602491,39,100,71,95,22,95,91,6,82,38,55,8,30,77,42,44,72,97,63,55,50,12,62,26,99,89,29,34,3,95,41,98,49,88,21,98,96,36,85,3
genes_39_76_19_91_86_88_40_6_8_31_51_80_40_98_67_45_60_19_74_97_83_43_44_30_11_57_82_72_25_44_82_89_60_80_82_100_21_33_99_40,6,0.06378000910628782,124.33679191898246,39,76,19,91,86,88,40,6,8,31,51,80,40,98,67,45,60,19,74,97,83,43,44,30,11,57,82,72,25,44,82,89,60,80,82,100,21,33,99,40
genes_26_53_40_89_84_83_20_19_60_57_8_37_64_50_42_61_92_8_64_80_80_91_6_89_35_97_78_60_17_55_50_30_57_96_7_100_86_37_38_3,5,0.07926142584303693,126.83701252141387,26,53,40,89,84,83,20,19,60,57,8,37,64,50,42,61,92,8,64,80,80,91,6,89,35,97,78,60,17,55,50,30,57,96,7,100,86,37,38,3
genes_28_77_18_33_93_83_64_87_51_30_77_62_34_95_94_61_100_87_96_14_10_7_6_26_41_57_29_87_23_33_50_72_18_79_22_100_6_45_98_9,5,0.06603778986051587,130.49985273423474,28,77,18,33,93,83,64,87,51,30,77,62,34,95,94,61,100,87,96,14,10,7,6,26,41,57,29,87,23,33,50,72,18,79,22,100,6,45,98,9
genes_50_67_23_97_72_2_37_57_60_19_57_43_16_77_37_23_0_38_89_42_85_28_12_50_96_61_0_81_39_9_99_34_39_42_71_60_90_70_95_6,5,0.07491808464901409,137.72785767076172,50,67,23,97,72,2,37,57,60,19,57,43,16,77,37,23,0,38,89,42,85,28,12,50,96,61,0,81,39,9,99,34,39,42,71,60,90,70,95,6
genes_34_29_68_32_48_53_62_100_62_63_15_66_31_87_3_53_84_89_79_71_80_38_3_16_88_57_30_97_53_6_100_89_63_29_7_98_88_36_56_34,5,0.08996402874493328,141.64333684968352,34,29,68,32,48,53,62,100,62,63,15,66,31,87,3,53,84,89,79,71,80,38,3,16,88,57,30,97,53,6,100,89,63,29,7,98,88,36,56,34
genes_28_33_69_41_22_86_4_10_54_31_49_34_33_52_94_22_72_97_96_44_10_9_57_26_38_84_29_87_35_0_46_72_18_80_26_5_6_73_27_6,5,0.07741581553076024,142.16441248579403,28,33,69,41,22,86,4,10,54,31,49,34,33,52,94,22,72,97,96,44,10,9,57,26,38,84,29,87,35,0,46,72,18,80,26,5,6,73,27,6
genes_37_56_13_99_72_53_18_51_50_42_16_30_14_92_7_30_99_54_86_27_75_44_11_25_77_48_44_88_18_9_50_17_57_80_16_100_33_65_85_60,7,0.08654036654363069,147.59257099058846,37,56,13,99,72,53,18,51,50,42,16,30,14,92,7,30,99,54,86,27,75,44,11,25,77,48,44,88,18,9,50,17,57,80,16,100,33,65,85,60
genes_27_63_45_12_55_87_37_90_60_71_39_46_16_48_45_61_92_8_85_42_80_4_8_16_38_53_82_38_30_0_45_66_38_80_61_100_81_37_86_36,6,0.09170188417682995,153.68243401553855,27,63,45,12,55,87,37,90,60,71,39,46,16,48,45,61,92,8,85,42,80,4,8,16,38,53,82,38,30,0,45,66,38,80,61,100,81,37,86,36
genes_91_100_28_23_91_87_10_56_1_32_72_35_20_30_22_91_60_31_67_79_32_53_11_93_92_29_61_0_18_33_25_72_45_0_97_100_86_81_18_17,2,0.0875459511687946,155.6312673164125,91,100,28,23,91,87,10,56,1,32,72,35,20,30,22,91,60,31,67,79,32,53,11,93,92,29,61,0,18,33,25,72,45,0,97,100,86,81,18,17
genes_44_25_68_96_91_32_64_85_62_57_77_0_16_95_21_52_91_11_65_66_80_13_64_26_50_100_64_26_29_4_40_55_15_96_61_4_49_59_86_28,5,0.07674913314458578,161.6982533187736,44,25,68,96,91,32,64,85,62,57,77,0,16,95,21,52,91,11,65,66,80,13,64,26,50,100,64,26,29,4,40,55,15,96,61,4,49,59,86,28
genes_31_64_4_31_99_32_65_40_81_64_30_57_13_91_12_66_60_86_86_42_31_44_56_91_49_84_9_81_49_35_48_27_11_64_42_20_91_75_83_60,2,0.073581700101191,163.23707207026672,31,64,4,31,99,32,65,40,81,64,30,57,13,91,12,66,60,86,86,42,31,44,56,91,49,84,9,81,49,35,48,27,11,64,42,20,91,75,83,60
genes_31_59_27_97_99_46_10_64_50_0_15_5_74_93_43_15_95_11_0_55_87_0_61_30_87_44_34_76_8_6_90_65_45_67_21_25_84_74_7_38,6,0.09778702929254209,165.57599992695495,31,59,27,97,99,46,10,64,50,0,15,5,74,93,43,15,95,11,0,55,87,0,61,30,87,44,34,76,8,6,90,65,45,67,21,25,84,74,7,38
genes_5_68_19_87_100_25_33_66_9_62_52_24_16_80_46_58_60_23_91_97_25_44_74_87_73_56_82_31_30_4_40_89_39_80_82_0_88_32_96_40,5,0.08046370324189941,168.72523763810864,5,68,19,87,100,25,33,66,9,62,52,24,16,80,46,58,60,23,91,97,25,44,74,87,73,56,82,31,30,4,40,89,39,80,82,0,88,32,96,40
genes_31_22_19_99_95_25_40_6_1_86_51_24_40_52_43_2_60_23_93_0_75_44_0_33_73_57_82_70_3_44_42_93_59_80_82_98_88_33_88_40,4,0.09447298393695028,171.54250353304042,31,22,19,99,95,25,40,6,1,86,51,24,40,52,43,2,60,23,93,0,75,44,0,33,73,57,82,70,3,44,42,93,59,80,82,98,88,33,88,40
genes_44_19_68_96_91_41_41_90_0_30_51_0_16_95_21_48_84_6_80_66_86_10_64_32_50_57_0_26_29_32_99_55_11_96_11_0_49_45_29_73,4,0.08805104910528191,173.17897984498427,44,19,68,96,91,41,41,90,0,30,51,0,16,95,21,48,84,6,80,66,86,10,64,32,50,57,0,26,29,32,99,55,11,96,11,0,49,45,29,73
genes_50_27_68_35_51_80_18_21_62_38_15_12_31_92_15_52_84_52_38_71_90_38_11_54_94_57_1_31_53_73_48_76_57_29_92_9_33_36_56_34,6,0.0878107439120183,177.4267351399337,50,27,68,35,51,80,18,21,62,38,15,12,31,92,15,52,84,52,38,71,90,38,11,54,94,57,1,31,53,73,48,76,57,29,92,9,33,36,56,34
genes_37_21_13_97_46_79_18_68_54_43_47_30_19_92_47_30_99_10_86_68_90_17_11_92_77_48_77_88_17_9_82_17_57_43_63_61_33_61_96_1,2,0.08074422085500754,178.2178835022749,37,21,13,97,46,79,18,68,54,43,47,30,19,92,47,30,99,10,86,68,90,17,11,92,77,48,77,88,17,9,82,17,57,43,63,61,33,61,96,1
genes_5_23_71_67_91_79_19_66_46_44_50_100_19_48_48_46_87_79_32_70_91_75_0_28_96_57_83_94_13_78_50_68_57_38_71_2_86_0_56_13,6,0.09169668357099099,179.2149646544996,5,23,71,67,91,79,19,66,46,44,50,100,19,48,48,46,87,79,32,70,91,75,0,28,96,57,83,94,13,78,50,68,57,38,71,2,86,0,56,13
genes_10_33_41_96_75_44_32_56_55_56_52_33_47_50_95_45_20_37_87_79_32_8_0_24_89_57_50_52_5_35_11_22_59_76_71_25_86_72_96_17,6,0.09993272086388683,182.9567311027795,10,33,41,96,75,44,32,56,55,56,52,33,47,50,95,45,20,37,87,79,32,8,0,24,89,57,50,52,5,35,11,22,59,76,71,25,86,72,96,17
genes_78_87_33_99_100_32_10_79_50_32_70_26_69_78_47_61_95_46_0_14_77_10_2_92_25_50_93_90_41_3_95_72_45_28_22_100_33_45_24_17,10,0.10430930440143213,183.69480720153587,78,87,33,99,100,32,10,79,50,32,70,26,69,78,47,61,95,46,0,14,77,10,2,92,25,50,93,90,41,3,95,72,45,28,22,100,33,45,24,17
genes_5_80_14_97_100_78_56_100_62_89_16_42_12_98_15_48_60_7_22_70_91_92_11_86_27_97_69_4_58_44_42_71_7_96_97_96_85_35_90_2,2,0.06264082335725117,185.62420566320898,5,80,14,97,100,78,56,100,62,89,16,42,12,98,15,48,60,7,22,70,91,92,11,86,27,97,69,4,58,44,42,71,7,96,97,96,85,35,90,2
genes_50_74_18_31_99_87_27_52_68_26_77_24_45_95_16_63_56_87_84_14_90_74_100_65_41_91_34_35_11_33_50_72_18_80_10_96_9_72_96_34,4,0.10076343846455048,190.75802905063122,50,74,18,31,99,87,27,52,68,26,77,24,45,95,16,63,56,87,84,14,90,74,100,65,41,91,34,35,11,33,50,72,18,80,10,96,9,72,96,34
genes_78_53_14_99_88_64_28_79_14_44_70_29_69_38_46_52_88_85_36_70_87_49_100_27_40_91_22_90_30_3_50_12_13_69_22_20_89_47_21_17,2,0.1179242258073985,192.05457003646637,78,53,14,99,88,64,28,79,14,44,70,29,69,38,46,52,88,85,36,70,87,49,100,27,40,91,22,90,30,3,50,12,13,69,22,20,89,47,21,17
genes_30_90_19_35_90_36_7_35_86_80_73_24_16_30_14_73_0_90_65_75_90_57_13_33_43_55_50_2_36_36_19_75_45_5_10_0_85_5_86_28,3,0.09953140124744635,194.16864129257388,30,90,19,35,90,36,7,35,86,80,73,24,16,30,14,73,0,90,65,75,90,57,13,33,43,55,50,2,36,36,19,75,45,5,10,0,85,5,86,28
genes_32_32_16_15_19_36_36_10_1_80_55_3_17_96_22_60_93_92_32_77_80_53_11_87_66_44_0_90_5_45_45_34_0_27_92_78_94_72_92_89,6,0.10259053602436659,195.54463930121662,32,32,16,15,19,36,36,10,1,80,55,3,17,96,22,60,93,92,32,77,80,53,11,87,66,44,0,90,5,45,45,34,0,27,92,78,94,72,92,89
genes_44_2_28_99_91_97_64_90_62_30_92_2_20_95_21_48_91_46_67_79_47_11_6_82_50_51_0_26_35_40_25_12_38_0_11_95_33_42_18_73,7,0.09902524583151799,196.06482563381306,44,2,28,99,91,97,64,90,62,30,92,2,20,95,21,48,91,46,67,79,47,11,6,82,50,51,0,26,35,40,25,12,38,0,11,95,33,42,18,73
genes_9_31_57_12_96_83_64_54_68_72_8_60_14_12_44_45_20_37_6_42_9_91_3_25_89_57_50_52_5_35_99_22_3_96_7_36_86_36_96_17,7,0.08556724416899308,197.47519407824782,9,31,57,12,96,83,64,54,68,72,8,60,14,12,44,45,20,37,6,42,9,91,3,25,89,57,50,52,5,35,99,22,3,96,7,36,86,36,96,17
genes_28_76_21_10_97_86_64_64_82_56_77_0_33_49_39_61_100_23_86_14_10_21_11_26_73_57_81_26_54_35_42_96_18_80_22_20_11_81_98_0,4,0.09058768404427119,199.87523880910328,28,76,21,10,97,86,64,64,82,56,77,0,33,49,39,61,100,23,86,14,10,21,11,26,73,57,81,26,54,35,42,96,18,80,22,20,11,81,98,0
genes_39_33_73_46_22_53_4_6_64_31_73_34_14_52_15_22_88_97_66_81_80_12_62_26_25_97_3_2_48_0_97_98_82_88_97_98_86_58_27_3,7,0.09166286255152392,202.19246697867283,39,33,73,46,22,53,4,6,64,31,73,34,14,52,15,22,88,97,66,81,80,12,62,26,25,97,3,2,48,0,97,98,82,88,97,98,86,58,27,3
genes_31_74_72_97_92_31_94_53_53_0_36_43_31_45_16_32_95_44_93_2_49_21_100_30_40_44_4_76_5_0_99_79_13_39_21_25_44_69_96_28,5,0.10184247108248964,204.72305822617074,31,74,72,97,92,31,94,53,53,0,36,43,31,45,16,32,95,44,93,2,49,21,100,30,40,44,4,76,5,0,99,79,13,39,21,25,44,69,96,28
genes_95_76_14_88_98_25_40_11_8_28_16_24_8_81_43_45_20_23_86_81_22_44_0_87_44_57_65_19_48_44_30_79_60_80_100_100_88_33_35_40,2,0.087796338707196,207.86176450205133,95,76,14,88,98,25,40,11,8,28,16,24,8,81,43,45,20,23,86,81,22,44,0,87,44,57,65,19,48,44,30,79,60,80,100,100,88,33,35,40
genes_42_53_19_99_28_79_10_10_5_99_72_8_20_75_6_61_100_45_93_14_80_10_0_67_92_50_81_36_3_41_42_89_38_28_92_100_86_73_24_88,6,0.09848113065197113,208.2500821745815,42,53,19,99,28,79,10,10,5,99,72,8,20,75,6,61,100,45,93,14,80,10,0,67,92,50,81,36,3,41,42,89,38,28,92,100,86,73,24,88
genes_39_99_73_39_22_10_8_6_2_81_73_46_35_98_17_67_84_54_65_66_91_26_12_8_38_97_78_72_29_6_19_55_70_96_20_0_50_31_94_73,4,0.09639842104160877,212.581371569679,39,99,73,39,22,10,8,6,2,81,73,46,35,98,17,67,84,54,65,66,91,26,12,8,38,97,78,72,29,6,19,55,70,96,20,0,50,31,94,73
genes_30_33_14_35_88_36_7_68_46_43_73_4_61_86_15_52_88_84_33_42_98_5_0_23_43_91_22_24_30_55_50_73_87_69_92_100_86_93_100_73,5,0.11864015601618083,216.8192907877485,30,33,14,35,88,36,7,68,46,43,73,4,61,86,15,52,88,84,33,42,98,5,0,23,43,91,22,24,30,55,50,73,87,69,92,100,86,93,100,73
genes_32_64_71_67_100_97_17_56_0_32_50_38_20_29_10_46_80_79_67_82_0_51_11_93_31_29_0_0_13_33_16_31_57_80_97_22_86_73_30_17,8,0.0973788579833435,217.0700834149488,32,64,71,67,100,97,17,56,0,32,50,38,20,29,10,46,80,79,67,82,0,51,11,93,31,29,0,0,13,33,16,31,57,80,97,22,86,73,30,17
genes_51_100_72_90_100_32_65_9_76_81_55_57_16_91_12_40_0_90_86_8_90_55_56_27_43_80_9_26_29_35_41_75_41_80_71_20_91_75_81_43,2,0.11322740487388931,222.88410808057716,51,100,72,90,100,32,65,9,76,81,55,57,16,91,12,40,0,90,86,8,90,55,56,27,43,80,9,26,29,35,41,75,41,80,71,20,91,75,81,43
genes_81_60_68_96_96_31_10_5_48_31_13_24_11_96_29_45_84_54_22_42_75_45_10_25_38_59_46_81_0_41_7_84_11_84_92_100_78_67_33_60,7,0.13019497400774058,223.92692723882493,81,60,68,96,96,31,10,5,48,31,13,24,11,96,29,45,84,54,22,42,75,45,10,25,38,59,46,81,0,41,7,84,11,84,92,100,78,67,33,60
genes_23_24_67_98_100_2_17_11_81_76_16_69_13_66_15_23_84_47_32_38_27_0_6_25_29_61_0_81_30_64_99_10_39_64_16_61_94_70_27_22,5,0.09971996101964387,224.67843267976627,23,24,67,98,100,2,17,11,81,76,16,69,13,66,15,23,84,47,32,38,27,0,6,25,29,61,0,81,30,64,99,10,39,64,16,61,94,70,27,22
genes_15_3_14_90_40_86_8_54_11_74_16_22_33_89_44_52_91_23_89_55_75_77_100_9_42_57_76_52_72_36_58_75_94_84_90_95_86_75_91_2,11,0.10202632809372002,224.6784546254397,15,3,14,90,40,86,8,54,11,74,16,22,33,89,44,52,91,23,89,55,75,77,100,9,42,57,76,52,72,36,58,75,94,84,90,95,86,75,91,2
genes_2_24_67_17_92_31_92_52_71_19_16_0_69_73_11_32_36_27_97_81_81_5_100_28_43_60_4_23_5_0_50_79_13_89_71_100_44_58_96_28,8,0.10922075510048398,225.34659485335806,2,24,67,17,92,31,92,52,71,19,16,0,69,73,11,32,36,27,97,81,81,5,100,28,43,60,4,23,5,0,50,79,13,89,71,100,44,58,96,28
genes_76_97_36_41_70_87_50_6_5_44_80_71_64_89_49_87_88_100_74_47_31_3_14_86_59_100_89_33_30_0_41_9_52_59_97_100_21_36_25_15,3,0.10534350264613283,225.5627221014597,76,97,36,41,70,87,50,6,5,44,80,71,64,89,49,87,88,100,74,47,31,3,14,86,59,100,89,33,30,0,41,9,52,59,97,100,21,36,25,15
genes_2_74_68_36_93_95_5_19_33_30_56_16_16_45_47_44_90_11_85_44_87_53_64_86_30_42_93_61_42_36_25_32_18_29_25_9_89_48_0_28,8,0.0907474688557356,226.74441997253058,2,74,68,36,93,95,5,19,33,30,56,16,16,45,47,44,90,11,85,44,87,53,64,86,30,42,93,61,42,36,25,32,18,29,25,9,89,48,0,28
genes_75_29_14_35_12_0_20_50_78_94_59_4_7_60_21_22_60_29_0_8_29_7_5_27_44_84_76_26_51_9_36_22_48_76_25_20_90_33_24_0,9,0.09227142290593132,227.43129021957964,75,29,14,35,12,0,20,50,78,94,59,4,7,60,21,22,60,29,0,8,29,7,5,27,44,84,76,26,51,9,36,22,48,76,25,20,90,33,24,0
genes_54_61_68_31_96_53_5_10_33_38_15_12_11_87_15_64_84_11_2_44_100_38_11_54_94_57_9_61_42_36_48_76_18_32_92_100_93_48_56_37,5,0.09360636471963582,230.53519189232603,54,61,68,31,96,53,5,10,33,38,15,12,11,87,15,64,84,11,2,44,100,38,11,54,94,57,9,61,42,36,48,76,18,32,92,100,93,48,56,37
genes_81_60_9_92_88_0_32_97_50_32_16_29_69_96_47_36_84_54_22_70_87_44_100_95_25_33_93_81_29_44_95_52_45_84_22_82_89_83_21_60,5,0.10725517563674267,233.0067778859996,81,60,9,92,88,0,32,97,50,32,16,29,69,96,47,36,84,54,22,70,87,44,100,95,25,33,93,81,29,44,95,52,45,84,22,82,89,83,21,60
genes_31_64_62_67_100_41_19_11_48_44_50_99_7_71_10_31_84_54_32_74_87_5_0_83_99_71_44_90_30_13_99_34_27_88_71_100_12_71_95_29,2,0.09881757554473355,240.28730544382864,31,64,62,67,100,41,19,11,48,44,50,99,7,71,10,31,84,54,32,74,87,5,0,83,99,71,44,90,30,13,99,34,27,88,71,100,12,71,95,29
genes_31_32_10_95_83_97_37_43_11_42_52_69_12_45_43_30_60_11_92_52_79_12_5_9_87_48_55_90_30_9_100_15_57_80_11_66_94_69_56_38,4,0.0987043532348385,240.55730333520802,31,32,10,95,83,97,37,43,11,42,52,69,12,45,43,30,60,11,92,52,79,12,5,9,87,48,55,90,30,9,100,15,57,80,11,66,94,69,56,38
genes_40_29_19_97_92_42_32_79_65_61_72_1_20_30_47_31_100_17_4_44_29_49_8_20_88_62_78_36_35_3_71_34_60_97_20_98_86_58_98_36,5,0.1110215584480301,241.37303493961446,40,29,19,97,92,42,32,79,65,61,72,1,20,30,47,31,100,17,4,44,29,49,8,20,88,62,78,36,35,3,71,34,60,97,20,98,86,58,98,36
genes_91_60_19_92_100_34_36_0_78_30_50_96_42_65_14_61_100_76_32_81_80_2_6_84_39_47_4_37_27_74_25_84_44_92_80_100_1_39_24_7,6,0.10989568498691234,242.2038349074385,91,60,19,92,100,34,36,0,78,30,50,96,42,65,14,61,100,76,32,81,80,2,6,84,39,47,4,37,27,74,25,84,44,92,80,100,1,39,24,7
genes_80_25_17_92_91_86_10_51_62_59_26_0_11_92_21_45_84_90_22_42_75_44_10_25_49_100_47_81_29_3_99_93_39_80_61_100_94_65_85_33,11,0.10056931677260583,242.4574162006071,80,25,17,92,91,86,10,51,62,59,26,0,11,92,21,45,84,90,22,42,75,44,10,25,49,100,47,81,29,3,99,93,39,80,61,100,94,65,85,33
genes_28_74_18_34_100_86_17_64_0_79_50_99_33_95_10_61_85_87_32_14_86_7_6_28_99_57_0_29_23_33_17_72_18_80_71_2_86_45_98_9,4,0.11049692330333488,242.50137634029306,28,74,18,34,100,86,17,64,0,79,50,99,33,95,10,61,85,87,32,14,86,7,6,28,99,57,0,29,23,33,17,72,18,80,71,2,86,45,98,9
genes_75_25_72_95_95_49_32_43_72_29_51_14_20_48_43_30_84_0_58_74_47_21_5_6_39_53_76_90_7_95_100_60_82_42_79_25_94_53_33_17,3,0.0986254610459284,243.01234568590363,75,25,72,95,95,49,32,43,72,29,51,14,20,48,43,30,84,0,58,74,47,21,5,6,39,53,76,90,7,95,100,60,82,42,79,25,94,53,33,17
genes_80_76_24_87_83_97_40_1_46_44_52_47_16_65_43_64_60_23_86_95_79_44_0_87_45_38_82_26_27_44_30_35_57_85_87_66_26_69_94_40,4,0.10502892239984081,243.88014531913956,80,76,24,87,83,97,40,1,46,44,52,47,16,65,43,64,60,23,86,95,79,44,0,87,45,38,82,26,27,44,30,35,57,85,87,66,26,69,94,40
genes_33_100_68_39_95_15_89_0_82_83_30_22_35_73_12_55_60_23_82_44_31_77_56_87_73_89_77_35_49_35_44_75_7_71_45_100_98_77_23_36,7,0.11166147712893897,244.55447414749142,33,100,68,39,95,15,89,0,82,83,30,22,35,73,12,55,60,23,82,44,31,77,56,87,73,89,77,35,49,35,44,75,7,71,45,100,98,77,23,36
genes_80_64_4_92_99_25_40_6_81_86_30_24_16_83_43_66_83_85_40_97_36_44_0_4_15_53_44_26_27_64_29_89_11_80_87_20_94_6_85_40,6,0.10738718706998078,246.31214168022254,80,64,4,92,99,25,40,6,81,86,30,24,16,83,43,66,83,85,40,97,36,44,0,4,15,53,44,26,27,64,29,89,11,80,87,20,94,6,85,40
genes_31_100_23_96_27_0_22_5_7_94_59_0_17_96_18_50_58_29_65_79_84_4_95_87_59_100_59_26_51_37_40_22_43_85_42_36_36_33_27_16,5,0.09645129490740967,247.86542035139638,31,100,23,96,27,0,22,5,7,94,59,0,17,96,18,50,58,29,65,79,84,4,95,87,59,100,59,26,51,37,40,22,43,85,42,36,36,33,27,16
genes_49_60_68_95_89_62_51_62_1_29_16_77_5_92_12_36_0_5_100_95_21_70_62_90_35_13_78_19_80_41_50_84_68_90_92_96_19_84_33_72,8,0.1042466615545834,251.64506779099622,49,60,68,95,89,62,51,62,1,29,16,77,5,92,12,36,0,5,100,95,21,70,62,90,35,13,78,19,80,41,50,84,68,90,92,96,19,84,33,72
genes_54_25_72_96_95_97_91_79_69_29_51_8_69_76_43_44_84_4_63_74_51_0_4_36_99_62_76_5_5_55_99_84_82_42_21_20_96_43_33_17,6,0.12819681112495243,251.9931585355123,54,25,72,96,95,97,91,79,69,29,51,8,69,76,43,44,84,4,63,74,51,0,4,36,99,62,76,5,5,55,99,84,82,42,21,20,96,43,33,17
genes_2_24_72_34_92_25_32_79_69_16_36_43_20_48_43_45_36_4_100_79_77_21_100_60_40_60_4_5_5_55_99_84_13_45_71_20_44_69_96_17,5,0.1028520146262141,252.36017296926312,2,24,72,34,92,25,32,79,69,16,36,43,20,48,43,45,36,4,100,79,77,21,100,60,40,60,4,5,5,55,99,84,13,45,71,20,44,69,96,17
genes_30_80_68_38_92_53_46_51_64_56_46_35_14_7_13_67_92_9_66_81_39_11_12_24_88_100_3_0_12_44_17_17_82_88_61_100_21_58_83_59,1,0.12314005411960166,252.90709743245782,30,80,68,38,92,53,46,51,64,56,46,35,14,7,13,67,92,9,66,81,39,11,12,24,88,100,3,0,12,44,17,17,82,88,61,100,21,58,83,59
genes_51_64_14_90_100_32_33_9_76_62_55_29_20_30_22_40_1_90_60_8_90_55_7_27_25_55_82_18_30_9_40_75_45_83_71_0_85_73_81_43,3,0.11813652010581903,257.11418047457465,51,64,14,90,100,32,33,9,76,62,55,29,20,30,22,40,1,90,60,8,90,55,7,27,25,55,82,18,30,9,40,75,45,83,71,0,85,73,81,43
genes_52_68_6_90_93_79_37_66_0_57_54_16_7_45_46_87_60_90_85_71_87_3_100_86_26_74_95_90_11_4_40_9_72_80_37_0_26_77_21_28,6,0.10657133381706453,257.13115546885086,52,68,6,90,93,79,37,66,0,57,54,16,7,45,46,87,60,90,85,71,87,3,100,86,26,74,95,90,11,4,40,9,72,80,37,0,26,77,21,28
genes_55_53_41_32_96_28_19_55_60_28_79_37_35_64_14_64_91_84_42_74_35_18_15_82_49_97_85_2_29_0_50_77_57_71_61_100_87_36_35_3,7,0.12378341771536505,257.5297612723324,55,53,41,32,96,28,19,55,60,28,79,37,35,64,14,64,91,84,42,74,35,18,15,82,49,97,85,2,29,0,50,77,57,71,61,100,87,36,35,3
genes_31_24_59_98_95_79_45_56_51_0_72_5_40_52_43_44_95_41_93_55_80_5_76_30_87_44_88_68_8_0_46_89_98_93_71_97_86_74_88_87,3,0.11644189626925357,259.5493762243099,31,24,59,98,95,79,45,56,51,0,72,5,40,52,43,44,95,41,93,55,80,5,76,30,87,44,88,68,8,0,46,89,98,93,71,97,86,74,88,87
genes_91_64_19_11_99_39_16_6_81_61_12_34_16_78_11_31_100_17_40_85_36_44_3_36_88_90_78_60_26_6_100_72_59_62_20_20_86_1_27_36,9,0.10254619974058704,260.09384353464236,91,64,19,11,99,39,16,6,81,61,12,34,16,78,11,31,100,17,40,85,36,44,3,36,88,90,78,60,26,6,100,72,59,62,20,20,86,1,27,36
genes_75_62_71_97_87_31_37_56_63_19_50_43_19_68_10_46_84_79_89_78_86_28_12_28_99_100_0_92_13_9_17_32_57_80_67_27_44_73_95_29,7,0.11655954691278549,261.1943882754613,75,62,71,97,87,31,37,56,63,19,50,43,19,68,10,46,84,79,89,78,86,28,12,28,99,100,0,92,13,9,17,32,57,80,67,27,44,73,95,29
genes_52_30_73_12_22_37_5_0_2_38_17_27_30_96_44_50_97_85_100_47_86_26_7_87_43_65_59_85_5_0_97_32_59_80_92_36_36_37_56_26,5,0.1153582167729803,262.20480597096,52,30,73,12,22,37,5,0,2,38,17,27,30,96,44,50,97,85,100,47,86,26,7,87,43,65,59,85,5,0,97,32,59,80,92,36,36,37,56,26
genes_52_100_23_97_87_31_38_55_71_19_19_43_19_100_44_48_23_10_67_0_85_28_12_3_99_97_87_92_51_9_37_35_40_81_40_27_64_72_22_0,6,0.10775803237509247,262.6564921603383,52,100,23,97,87,31,38,55,71,19,19,43,19,100,44,48,23,10,67,0,85,28,12,3,99,97,87,92,51,9,37,35,40,81,40,27,64,72,22,0
genes_30_59_68_97_92_86_46_51_64_56_73_0_14_5_15_48_88_7_66_81_37_92_39_89_25_97_2_2_27_44_42_13_57_88_97_100_86_41_81_2,4,0.11127044712406561,262.8770444468728,30,59,68,97,92,86,46,51,64,56,73,0,14,5,15,48,88,7,66,81,37,92,39,89,25,97,2,2,27,44,42,13,57,88,97,100,86,41,81,2
genes_91_74_18_33_100_36_43_64_67_64_72_5_31_78_12_44_100_39_32_11_47_84_64_30_34_44_34_76_4_0_90_65_39_39_21_22_90_74_60_38,4,0.11557103796378496,263.57640274305135,91,74,18,33,100,36,43,64,67,64,72,5,31,78,12,44,100,39,32,11,47,84,64,30,34,44,34,76,4,0,90,65,39,39,21,22,90,74,60,38
genes_31_57_4_25_92_83_37_51_71_44_50_87_35_45_50_51_75_13_63_95_91_82_74_20_45_97_1_27_82_48_30_40_5_70_15_98_96_72_90_0,9,0.10874311165027425,266.19499993420936,31,57,4,25,92,83,37,51,71,44,50,87,35,45,50,51,75,13,63,95,91,82,74,20,45,97,1,27,82,48,30,40,5,70,15,98,96,72,90,0
genes_9_27_57_12_21_0_27_52_68_72_34_29_14_82_21_32_60_37_84_8_88_7_100_25_89_52_80_35_11_39_50_22_3_93_10_29_92_70_96_34,7,0.09945207085341527,267.23535906494186,9,27,57,12,21,0,27,52,68,72,34,29,14,82,21,32,60,37,84,8,88,7,100,25,89,52,80,35,11,39,50,22,3,93,10,29,92,70,96,34
genes_42_53_21_96_91_41_45_0_0_94_30_0_16_65_43_1_84_54_100_81_83_2_0_32_92_100_81_26_29_74_59_80_11_76_71_100_1_75_28_20,2,0.12359801917378374,267.9910035714728,42,53,21,96,91,41,45,0,0,94,30,0,16,65,43,1,84,54,100,81,83,2,0,32,92,100,81,26,29,74,59,80,11,76,71,100,1,75,28,20
genes_91_100_28_96_91_88_10_56_59_56_92_2_7_68_95_4_60_46_67_79_47_8_6_28_15_100_82_26_18_40_12_74_59_76_71_2_17_42_18_30,7,0.10747713183640507,268.9910961740997,91,100,28,96,91,88,10,56,59,56,92,2,7,68,95,4,60,46,67,79,47,8,6,28,15,100,82,26,18,40,12,74,59,76,71,2,17,42,18,30
genes_9_33_57_96_75_0_64_5_68_29_51_28_16_50_29_45_84_37_100_95_21_45_37_90_89_60_50_21_0_35_96_22_3_85_87_36_20_36_33_17,6,0.10595134901382434,269.1276058987284,9,33,57,96,75,0,64,5,68,29,51,28,16,50,29,45,84,37,100,95,21,45,37,90,89,60,50,21,0,35,96,22,3,85,87,36,20,36,33,17
genes_33_74_68_39_98_10_15_64_11_0_72_5_31_45_43_55_95_23_92_54_47_77_100_30_87_44_78_35_11_0_50_75_45_97_21_25_12_75_3_36,5,0.10327463470222956,270.95980919018257,33,74,68,39,98,10,15,64,11,0,72,5,31,45,43,55,95,23,92,54,47,77,100,30,87,44,78,35,11,0,50,75,45,97,21,25,12,75,3,36
genes_39_99_77_100_96_83_62_54_58_53_73_46_14_50_17_67_8_17_38_42_43_91_91_25_89_97_78_14_40_34_99_30_33_6_7_100_86_61_84_73,7,0.10809823868673718,273.7974899812629,39,99,77,100,96,83,62,54,58,53,73,46,14,50,17,67,8,17,38,42,43,91,91,25,89,97,78,14,40,34,99,30,33,6,7,100,86,61,84,73
genes_58_23_17_61_96_53_5_21_62_56_15_12_16_87_21_64_89_90_51_49_80_41_12_16_73_100_0_31_29_3_40_76_63_80_61_92_93_58_86_34,2,0.12140098173539399,274.9279376465133,58,23,17,61,96,53,5,21,62,56,15,12,16,87,21,64,89,90,51,49,80,41,12,16,73,100,0,31,29,3,40,76,63,80,61,92,93,58,86,34
genes_78_64_23_15_99_97_37_71_0_83_29_64_19_77_10_46_88_8_100_70_30_91_98_85_99_100_0_30_80_28_22_30_57_97_71_2_86_73_28_36,6,0.12148419688402795,276.2006752021626,78,64,23,15,99,97,37,71,0,83,29,64,19,77,10,46,88,8,100,70,30,91,98,85,99,100,0,30,80,28,22,30,57,97,71,2,86,73,28,36
genes_51_33_27_70_97_32_5_9_76_56_55_0_16_92_21_40_92_90_65_71_80_55_14_1_73_65_82_31_29_3_41_93_43_79_71_100_90_58_81_43,5,0.10977696842370219,283.1033332344152,51,33,27,70,97,32,5,9,76,56,55,0,16,92,21,40,92,90,65,71,80,55,14,1,73,65,82,31,29,3,41,93,43,79,71,100,90,58,81,43
genes_54_59_68_32_86_53_5_21_60_44_15_37_19_48_15_61_84_11_51_71_80_4_11_16_45_57_77_31_49_36_45_15_63_38_61_100_81_37_56_37,11,0.11517228559045117,283.3778209276024,54,59,68,32,86,53,5,21,60,44,15,37,19,48,15,61,84,11,51,71,80,4,11,16,45,57,77,31,49,36,45,15,63,38,61,100,81,37,56,37
genes_54_65_16_92_100_83_36_10_68_30_34_3_19_96_16_61_60_91_32_8_90_74_6_90_43_91_80_37_11_36_50_69_29_91_7_100_94_72_24_34,6,0.11843196171116523,286.30033613455913,54,65,16,92,100,83,36,10,68,30,34,3,19,96,16,61,60,91,32,8,90,74,6,90,43,91,80,37,11,36,50,69,29,91,7,100,94,72,24,34
genes_39_74_68_37_87_95_78_1_35_30_52_80_16_98_62_44_91_11_74_44_83_53_64_54_9_58_82_72_12_36_25_32_72_29_71_100_92_48_3_12,4,0.10936302794421666,291.3699390677584,39,74,68,37,87,95,78,1,35,30,52,80,16,98,62,44,91,11,74,44,83,53,64,54,9,58,82,72,12,36,25,32,72,29,71,100,92,48,3,12
genes_28_74_68_31_94_36_7_10_86_30_73_4_16_60_62_49_91_84_5_44_98_53_40_54_94_91_50_61_36_36_25_75_18_29_92_9_70_48_81_69,5,0.11172115740212626,291.513671674653,28,74,68,31,94,36,7,10,86,30,73,4,16,60,62,49,91,84,5,44,98,53,40,54,94,91,50,61,36,36,25,75,18,29,92,9,70,48,81,69
genes_80_94_4_75_98_25_19_19_0_59_52_24_14_80_43_45_20_44_86_97_87_44_30_86_29_57_93_26_11_44_30_89_60_89_82_100_88_77_96_40,1,0.13118459814915176,301.8459062347964,80,94,4,75,98,25,19,19,0,59,52,24,14,80,43,45,20,44,86,97,87,44,30,86,29,57,93,26,11,44,30,89,60,89,82,100,88,77,96,40
genes_51_19_79_95_100_29_19_68_81_76_72_71_63_52_43_86_84_23_32_68_31_0_100_92_25_57_80_81_20_93_99_55_64_91_68_59_94_61_96_30,4,0.14207938642276918,306.22042115476904,51,19,79,95,100,29,19,68,81,76,72,71,63,52,43,86,84,23,32,68,31,0,100,92,25,57,80,81,20,93,99,55,64,91,68,59,94,61,96,30
genes_75_59_72_96_95_46_10_10_62_29_15_43_19_97_30_45_36_4_0_71_48_26_15_89_50_58_1_5_39_55_90_81_82_67_92_84_82_74_33_17,2,0.11504157001512041,313.35411064573395,75,59,72,96,95,46,10,10,62,29,15,43,19,97,30,45,36,4,0,71,48,26,15,89,50,58,1,5,39,55,90,81,82,67,92,84,82,74,33,17
genes_32_76_24_87_84_87_32_6_8_27_54_24_16_80_15_91_60_23_67_97_26_51_11_93_31_57_82_26_27_44_97_89_60_50_97_100_83_33_30_34,4,0.1204148707906894,331.2391813507993,32,76,24,87,84,87,32,6,8,27,54,24,16,80,15,91,60,23,67,97,26,51,11,93,31,57,82,26,27,44,97,89,60,50,97,100,83,33,30,34
genes_2_94_4_90_98_79_19_19_1_94_51_16_7_80_43_87_24_90_85_0_39_11_100_25_70_42_93_26_11_36_80_9_72_89_25_98_21_77_92_28,4,0.11690165043122694,335.29899544752834,2,94,4,90,98,79,19,19,1,94,51,16,7,80,43,87,24,90,85,0,39,11,100,25,70,42,93,26,11,36,80,9,72,89,25,98,21,77,92,28
genes_44_27_65_96_74_79_18_90_65_66_77_30_16_95_41_48_100_11_61_63_90_11_64_55_50_57_44_26_31_36_100_52_57_80_78_4_33_45_29_73,3,0.12009897619763706,343.17484529448103,44,27,65,96,74,79,18,90,65,66,77,30,16,95,41,48,100,11,61,63,90,11,64,55,50,57,44,26,31,36,100,52,57,80,78,4,33,45,29,73
