genes_99_13_98_49_68_2_69_59_0_18_37_3_6_28_93_72_93_73_15_58_4_64_68_81_41_39_19_30_12_99_50_52_84_81_82_35_100_8_25_23,7,0.06609481398557207,100.00904523666277,99,13,98,49,68,2,69,59,0,18,37,3,6,28,93,72,93,73,15,58,4,64,68,81,41,39,19,30,12,99,50,52,84,81,82,35,100,8,25,23
genes_42_79_71_10_72_65_100_71_31_0_37_7_89_80_5_72_68_26_6_90_97_23_32_12_50_19_72_100_86_38_65_50_25_63_83_40_21_8_51_52,1,0.05194769307475622,107.42231283603778,42,79,71,10,72,65,100,71,31,0,37,7,89,80,5,72,68,26,6,90,97,23,32,12,50,19,72,100,86,38,65,50,25,63,83,40,21,8,51,52
genes_39_78_20_68_70_51_100_63_0_94_99_47_6_28_98_51_82_24_67_9_71_39_37_88_37_80_9_98_12_34_97_54_74_90_82_37_100_84_96_47,5,0.06140256087856717,137.48063133159587,39,78,20,68,70,51,100,63,0,94,99,47,6,28,98,51,82,24,67,9,71,39,37,88,37,80,9,98,12,34,97,54,74,90,82,37,100,84,96,47
genes_74_85_91_99_97_65_37_68_0_57_57_5_64_12_51_73_90_16_10_40_4_37_80_38_32_64_32_30_21_50_71_42_77_39_49_11_45_8_44_54,3,0.06677542314171625,143.0357847493274,74,85,91,99,97,65,37,68,0,57,57,5,64,12,51,73,90,16,10,40,4,37,80,38,32,64,32,30,21,50,71,42,77,39,49,11,45,8,44,54
genes_59_81_39_4_30_64_100_58_0_0_94_5_8_31_37_72_88_28_49_33_89_26_7_57_38_64_70_31_57_36_46_50_8_79_51_69_100_8_7_38,3,0.08461004966610386,147.37578424200873,59,81,39,4,30,64,100,58,0,0,94,5,8,31,37,72,88,28,49,33,89,26,7,57,38,64,70,31,57,36,46,50,8,79,51,69,100,8,7,38
genes_67_76_71_9_85_43_100_69_48_9_41_7_17_15_31_58_95_27_10_9_72_64_80_84_32_43_26_92_26_8_71_20_75_63_5_44_21_27_78_54,5,0.07580186635083339,185.3621590801667,67,76,71,9,85,43,100,69,48,9,41,7,17,15,31,58,95,27,10,9,72,64,80,84,32,43,26,92,26,8,71,20,75,63,5,44,21,27,78,54
genes_74_86_3_10_70_62_42_16_29_99_0_4_10_32_44_77_68_19_10_51_91_37_78_86_9_91_51_75_23_88_67_41_80_42_50_52_99_11_48_35,6,0.07455534249131372,196.679807330511,74,86,3,10,70,62,42,16,29,99,0,4,10,32,44,77,68,19,10,51,91,37,78,86,9,91,51,75,23,88,67,41,80,42,50,52,99,11,48,35
genes_99_81_100_16_46_65_100_70_61_0_92_100_11_79_94_77_0_24_17_1_98_7_6_22_79_12_76_55_13_50_96_40_79_63_49_43_100_8_13_10,4,0.0676065255148731,203.61472832643554,99,81,100,16,46,65,100,70,61,0,92,100,11,79,94,77,0,24,17,1,98,7,6,22,79,12,76,55,13,50,96,40,79,63,49,43,100,8,13,10
genes_41_36_21_94_72_8_100_68_5_13_27_5_16_5_53_52_59_5_8_0_96_57_78_88_70_15_2_100_84_45_64_50_65_8_54_32_83_11_51_89,8,0.07786498072811021,217.56529682972075,41,36,21,94,72,8,100,68,5,13,27,5,16,5,53,52,59,5,8,0,96,57,78,88,70,15,2,100,84,45,64,50,65,8,54,32,83,11,51,89
genes_79_92_100_100_64_41_86_66_47_4_96_4_4_33_78_4_49_9_20_10_99_34_28_12_37_45_66_33_0_38_97_39_79_59_50_43_30_10_14_54,4,0.08144449102058288,222.69040846197285,79,92,100,100,64,41,86,66,47,4,96,4,4,33,78,4,49,9,20,10,99,34,28,12,37,45,66,33,0,38,97,39,79,59,50,43,30,10,14,54
genes_79_76_100_14_64_54_86_66_19_4_94_0_12_76_15_0_7_28_1_60_61_34_50_22_49_7_70_93_12_100_46_4_6_73_38_43_30_73_27_53,8,0.0832328996749162,234.24434578123288,79,76,100,14,64,54,86,66,19,4,94,0,12,76,15,0,7,28,1,60,61,34,50,22,49,7,70,93,12,100,46,4,6,73,38,43,30,73,27,53
genes_95_83_9_100_76_83_31_62_15_22_89_3_3_17_7_34_84_71_10_60_86_67_93_85_63_94_70_53_10_83_69_49_7_68_5_33_73_61_14_16,9,0.08165719053086304,235.68087656430993,95,83,9,100,76,83,31,62,15,22,89,3,3,17,7,34,84,71,10,60,86,67,93,85,63,94,70,53,10,83,69,49,7,68,5,33,73,61,14,16
genes_82_75_91_10_97_64_100_68_10_13_27_5_11_80_96_64_0_67_14_58_89_59_28_22_79_15_69_30_11_45_63_12_77_8_21_34_83_11_51_89,3,0.07510925842959458,238.46228286264036,82,75,91,10,97,64,100,68,10,13,27,5,11,80,96,64,0,67,14,58,89,59,28,22,79,15,69,30,11,45,63,12,77,8,21,34,83,11,51,89
genes_69_67_96_20_68_0_41_69_0_13_94_7_6_31_5_72_91_28_49_90_72_65_36_31_38_93_70_98_39_36_51_38_58_70_86_69_27_89_7_41,7,0.08926825163434705,246.77474396000153,69,67,96,20,68,0,41,69,0,13,94,7,6,31,5,72,91,28,49,90,72,65,36,31,38,93,70,98,39,36,51,38,58,70,86,69,27,89,7,41
genes_65_76_100_14_56_79_73_62_60_0_88_7_6_19_51_49_5_20_0_11_93_66_52_12_82_100_56_55_6_35_65_49_4_83_21_34_94_48_14_54,6,0.10020710140352079,247.77415752235356,65,76,100,14,56,79,73,62,60,0,88,7,6,19,51,49,5,20,0,11,93,66,52,12,82,100,56,55,6,35,65,49,4,83,21,34,94,48,14,54
genes_65_76_100_76_97_73_41_0_29_0_40_7_8_31_44_49_0_61_0_31_99_98_52_57_10_39_58_29_41_40_97_49_73_100_86_48_100_48_14_41,5,0.07778086074305843,247.80072614217343,65,76,100,76,97,73,41,0,29,0,40,7,8,31,44,49,0,61,0,31,99,98,52,57,10,39,58,29,41,40,97,49,73,100,86,48,100,48,14,41
genes_0_78_96_100_30_68_68_3_20_3_57_22_6_31_8_75_83_7_17_77_3_59_68_90_33_64_71_94_9_50_100_40_29_12_49_7_55_85_67_39,5,0.0922375177593164,254.39450656064733,0,78,96,100,30,68,68,3,20,3,57,22,6,31,8,75,83,7,17,77,3,59,68,90,33,64,71,94,9,50,100,40,29,12,49,7,55,85,67,39
genes_39_78_3_16_74_51_54_4_61_3_96_8_10_35_51_77_0_9_10_10_99_28_32_90_82_45_58_92_12_30_71_49_79_59_83_43_25_49_18_54,1,0.10516915541653889,255.71639651778614,39,78,3,16,74,51,54,4,61,3,96,8,10,35,51,77,0,9,10,10,99,28,32,90,82,45,58,92,12,30,71,49,79,59,83,43,25,49,18,54
genes_79_77_45_14_69_91_99_62_25_0_43_5_15_75_54_72_2_33_49_58_99_46_42_41_48_78_68_98_84_34_97_4_87_77_49_72_31_50_27_56,4,0.0847894955907568,257.70245117302306,79,77,45,14,69,91,99,62,25,0,43,5,15,75,54,72,2,33,49,58,99,46,42,41,48,78,68,98,84,34,97,4,87,77,49,72,31,50,27,56
genes_41_81_95_55_42_41_100_73_35_22_88_8_3_2_1_72_1_61_5_1_62_61_47_22_63_89_72_32_88_50_43_49_20_68_21_10_98_8_99_15,6,0.09099411120386817,258.3547584690793,41,81,95,55,42,41,100,73,35,22,88,8,3,2,1,72,1,61,5,1,62,61,47,22,63,89,72,32,88,50,43,49,20,68,21,10,98,8,99,15
genes_41_86_3_52_63_62_42_63_37_22_57_8_3_12_4_77_83_50_13_0_89_27_68_8_63_91_72_86_0_45_50_49_20_68_7_10_98_11_48_50,5,0.08901288836754354,260.67893641928225,41,86,3,52,63,62,42,63,37,22,57,8,3,12,4,77,83,50,13,0,89,27,68,8,63,91,72,86,0,45,50,49,20,68,7,10,98,11,48,50
genes_37_83_63_100_76_81_96_68_58_54_37_38_8_17_94_75_0_70_49_0_86_42_37_57_76_69_62_29_41_99_69_76_2_10_44_42_74_61_70_38,3,0.08442693796962514,261.2322100519569,37,83,63,100,76,81,96,68,58,54,37,38,8,17,94,75,0,70,49,0,86,42,37,57,76,69,62,29,41,99,69,76,2,10,44,42,74,61,70,38
genes_5_82_95_10_68_64_96_71_32_7_37_22_40_5_31_90_83_11_8_32_4_34_47_90_35_64_66_11_32_99_99_41_46_77_92_31_83_8_25_47,5,0.08128906092504148,264.5859722220581,5,82,95,10,68,64,96,71,32,7,37,22,40,5,31,90,83,11,8,32,4,34,47,90,35,64,66,11,32,99,99,41,46,77,92,31,83,8,25,47
genes_7_85_24_17_76_61_100_67_60_22_94_8_5_18_70_0_4_12_1_14_61_51_53_97_86_36_8_10_41_100_27_76_19_67_18_43_3_89_11_49,3,0.08312368765878704,265.54065764614387,7,85,24,17,76,61,100,67,60,22,94,8,5,18,70,0,4,12,1,14,61,51,53,97,86,36,8,10,41,100,27,76,19,67,18,43,3,89,11,49
genes_39_78_67_99_70_61_100_57_19_4_34_47_10_28_78_23_49_24_67_60_61_34_75_84_11_7_66_33_25_100_78_40_12_94_42_34_100_84_24_92,3,0.08559061912052542,266.40318625937067,39,78,67,99,70,61,100,57,19,4,34,47,10,28,78,23,49,24,67,60,61,34,75,84,11,7,66,33,25,100,78,40,12,94,42,34,100,84,24,92
genes_93_83_18_100_76_81_65_68_19_72_92_47_8_17_3_75_0_12_68_58_86_34_37_86_33_19_6_48_0_8_64_45_7_89_49_42_7_49_70_42,4,0.09596086016396035,270.2748638396212,93,83,18,100,76,81,65,68,19,72,92,47,8,17,3,75,0,12,68,58,86,34,37,86,33,19,6,48,0,8,64,45,7,89,49,42,7,49,70,42
genes_23_75_91_50_72_92_100_56_88_4_89_36_17_75_52_27_72_95_17_72_98_74_15_28_48_64_61_75_19_37_50_41_4_77_44_43_25_55_12_52,6,0.09279541278514168,270.77032738856894,23,75,91,50,72,92,100,56,88,4,89,36,17,75,52,27,72,95,17,72,98,74,15,28,48,64,61,75,19,37,50,41,4,77,44,43,25,55,12,52
genes_79_12_98_92_68_64_100_76_88_31_92_76_37_79_31_77_83_11_55_4_4_31_40_84_35_64_89_11_33_99_100_41_15_77_92_45_100_8_61_91,4,0.09456471249643304,270.8939158397553,79,12,98,92,68,64,100,76,88,31,92,76,37,79,31,77,83,11,55,4,4,31,40,84,35,64,89,11,33,99,100,41,15,77,92,45,100,8,61,91
genes_5_76_93_10_73_64_33_56_43_0_99_3_14_25_65_53_0_33_5_0_99_4_99_41_32_19_15_30_48_63_45_50_4_76_49_77_25_62_25_47,3,0.09733727225915856,271.6499569551156,5,76,93,10,73,64,33,56,43,0,99,3,14,25,65,53,0,33,5,0,99,4,99,41,32,19,15,30,48,63,45,50,4,76,49,77,25,62,25,47
genes_47_77_45_100_30_91_13_70_0_0_43_0_12_75_8_80_4_33_49_45_55_67_51_85_33_52_2_94_88_34_97_40_79_71_55_50_55_85_65_37,2,0.09489898066720723,276.5217905833495,47,77,45,100,30,91,13,70,0,0,43,0,12,75,8,80,4,33,49,45,55,67,51,85,33,52,2,94,88,34,97,40,79,71,55,50,55,85,65,37
genes_99_82_93_49_84_65_75_68_35_4_92_5_8_12_93_73_73_5_10_81_99_25_81_18_33_43_59_30_12_4_65_52_9_76_50_15_28_60_25_49,4,0.10227469822780999,281.90317218467163,99,82,93,49,84,65,75,68,35,4,92,5,8,12,93,73,73,5,10,81,99,25,81,18,33,43,59,30,12,4,65,52,9,76,50,15,28,60,25,49
genes_37_78_11_10_82_68_13_64_38_18_91_3_13_12_17_57_72_28_10_0_99_66_42_50_82_2_59_9_9_34_93_42_29_81_6_39_100_84_13_54,4,0.09615952229740518,282.1883836047356,37,78,11,10,82,68,13,64,38,18,91,3,13,12,17,57,72,28,10,0,99,66,42,50,82,2,59,9,9,34,93,42,29,81,6,39,100,84,13,54
genes_47_76_93_100_30_54_79_63_37_4_57_0_7_75_8_80_3_28_17_1_99_67_38_22_49_70_2_98_9_37_98_4_3_12_54_50_55_85_65_53,4,0.09681475917630533,282.23132763432835,47,76,93,100,30,54,79,63,37,4,57,0,7,75,8,80,3,28,17,1,99,67,38,22,49,70,2,98,9,37,98,4,3,12,54,50,55,85,65,53
genes_79_12_42_15_30_64_33_64_10_13_27_5_11_5_65_79_0_23_8_0_87_34_42_12_70_19_69_100_6_45_93_50_87_8_49_0_83_11_25_43,4,0.09461452980469731,283.1893999779792,79,12,42,15,30,64,33,64,10,13,27,5,11,5,65,79,0,23,8,0,87,34,42,12,70,19,69,100,6,45,93,50,87,8,49,0,83,11,25,43
genes_46_76_19_10_72_65_23_89_22_54_88_0_7_75_4_55_2_28_0_67_77_28_39_90_49_36_70_98_12_37_69_8_6_84_50_50_52_52_27_51,7,0.09608011047066238,286.8309725793702,46,76,19,10,72,65,23,89,22,54,88,0,7,75,4,55,2,28,0,67,77,28,39,90,49,36,70,98,12,37,69,8,6,84,50,50,52,52,27,51
genes_74_7_96_10_70_70_33_67_61_57_0_4_6_20_44_68_68_19_10_51_91_37_80_90_46_52_51_76_23_34_67_41_80_42_87_16_99_27_11_35,5,0.0870208881156124,288.4800551826919,74,7,96,10,70,70,33,67,61,57,0,4,6,20,44,68,68,19,10,51,91,37,80,90,46,52,51,76,23,34,67,41,80,42,87,16,99,27,11,35
genes_12_79_3_15_72_40_100_73_37_36_38_10_11_79_5_49_1_33_30_0_98_23_78_94_8_91_69_51_10_45_89_15_15_39_50_43_78_11_18_85,3,0.10326423719501643,289.06053623510394,12,79,3,15,72,40,100,73,37,36,38,10,11,79,5,49,1,33,30,0,98,23,78,94,8,91,69,51,10,45,89,15,15,39,50,43,78,11,18,85
genes_79_7_42_10_70_70_33_67_43_1_99_4_6_20_65_68_68_19_10_100_87_37_80_41_46_19_51_9_86_13_67_50_80_42_87_39_99_44_11_40,5,0.09962961848133296,289.09767754309496,79,7,42,10,70,70,33,67,43,1,99,4,6,20,65,68,68,19,10,100,87,37,80,41,46,19,51,9,86,13,67,50,80,42,87,39,99,44,11,40
genes_62_80_93_49_97_68_100_33_15_0_92_5_41_79_96_76_48_21_50_4_89_33_38_22_79_100_89_30_0_34_46_41_20_29_16_34_100_46_61_51,6,0.10491831255217869,290.2228635995541,62,80,93,49,97,68,100,33,15,0,92,5,41,79,96,76,48,21,50,4,89,33,38,22,79,100,89,30,0,34,46,41,20,29,16,34,100,46,61,51
genes_65_77_19_76_72_92_13_62_22_54_85_0_11_19_19_72_8_33_89_45_97_21_39_85_48_94_72_98_2_34_97_4_7_67_55_50_28_50_32_12,6,0.09630391142470036,291.0637316622181,65,77,19,76,72,92,13,62,22,54,85,0,11,19,19,72,8,33,89,45,97,21,39,85,48,94,72,98,2,34,97,4,7,67,55,50,28,50,32,12
genes_90_82_3_48_64_40_96_71_30_4_37_5_11_12_70_90_68_74_3_28_98_23_78_90_37_88_69_39_0_50_64_45_20_68_49_42_83_11_17_89,2,0.10909047553644276,293.1209944297641,90,82,3,48,64,40,96,71,30,4,37,5,11,12,70,90,68,74,3,28,98,23,78,90,37,88,69,39,0,50,64,45,20,68,49,42,83,11,17,89
genes_59_81_98_92_68_64_100_58_88_22_92_24_8_13_49_47_83_14_8_33_68_34_42_14_39_68_19_15_33_50_99_50_11_77_51_43_100_8_25_91,6,0.1001061871427555,294.27533604988383,59,81,98,92,68,64,100,58,88,22,92,24,8,13,49,47,83,14,8,33,68,34,42,14,39,68,19,15,33,50,99,50,11,77,51,43,100,8,25,91
genes_40_75_39_4_77_59_31_69_0_0_94_7_3_88_11_34_91_61_10_7_62_98_36_57_38_93_70_29_21_36_51_43_65_68_86_39_29_56_11_16,4,0.1088769847691532,294.422172837393,40,75,39,4,77,59,31,69,0,0,94,7,3,88,11,34,91,61,10,7,62,98,36,57,38,93,70,29,21,36,51,43,65,68,86,39,29,56,11,16
genes_81_76_45_8_75_68_67_64_93_4_34_9_18_18_16_52_70_27_64_91_64_99_47_86_54_91_45_33_22_99_100_57_50_59_5_16_77_22_13_40,4,0.10104725017757328,295.698630076688,81,76,45,8,75,68,67,64,93,4,34,9,18,18,16,52,70,27,64,91,64,99,47,86,54,91,45,33,22,99,100,57,50,59,5,16,77,22,13,40
genes_45_20_43_14_75_37_100_57_19_4_57_6_4_28_8_75_2_7_10_12_85_36_80_88_16_34_70_42_31_50_73_3_24_76_42_41_28_8_58_47,5,0.102283155382126,296.33290106671325,45,20,43,14,75,37,100,57,19,4,57,6,4,28,8,75,2,7,10,12,85,36,80,88,16,34,70,42,31,50,73,3,24,76,42,41,28,8,58,47
genes_87_77_5_66_56_64_100_33_65_8_96_7_8_17_53_72_83_21_86_14_77_60_17_90_37_93_70_30_9_62_100_51_74_65_75_74_28_28_8_92,3,0.10679611934970756,297.311677624587,87,77,5,66,56,64,100,33,65,8,96,7,8,17,53,72,83,21,86,14,77,60,17,90,37,93,70,30,9,62,100,51,74,65,75,74,28,28,8,92
genes_65_84_45_10_56_70_73_62_60_99_62_5_10_23_0_75_2_6_5_1_84_32_46_19_79_100_8_75_31_39_70_25_4_83_84_34_94_90_11_42,10,0.09657666280261377,297.5639761884031,65,84,45,10,56,70,73,62,60,99,62,5,10,23,0,75,2,6,5,1,84,32,46,19,79,100,8,75,31,39,70,25,4,83,84,34,94,90,11,42
genes_46_78_97_0_82_43_68_73_22_8_57_3_7_17_8_80_66_11_17_14_77_60_81_90_33_19_2_94_14_37_97_3_79_12_69_50_93_85_8_37,6,0.09349490165481295,297.81927220882363,46,78,97,0,82,43,68,73,22,8,57,3,7,17,8,80,66,11,17,14,77,60,81,90,33,19,2,94,14,37,97,3,79,12,69,50,93,85,8,37
genes_74_19_98_14_72_70_33_57_64_13_0_22_12_20_44_77_82_11_10_0_97_34_80_88_88_33_13_75_23_61_67_0_80_42_91_41_99_27_50_92,5,0.11189632513413054,298.9475608703012,74,19,98,14,72,70,33,57,64,13,0,22,12,20,44,77,82,11,10,0,97,34,80,88,88,33,13,75,23,61,67,0,80,42,91,41,99,27,50,92
genes_47_38_20_76_73_74_13_19_47_50_96_3_14_80_44_79_83_21_49_0_65_33_42_90_47_4_70_13_0_36_97_76_77_80_50_34_98_55_8_46,10,0.09736152025741131,298.96471913243397,47,38,20,76,73,74,13,19,47,50,96,3,14,80,44,79,83,21,49,0,65,33,42,90,47,4,70,13,0,36,97,76,77,80,50,34,98,55,8,46
genes_74_7_3_10_72_70_100_67_64_22_38_4_11_20_44_49_68_2_6_51_98_23_78_12_46_52_51_35_10_55_64_41_80_42_87_11_98_27_17_89,4,0.08961137032576183,300.69630819200347,74,7,3,10,72,70,100,67,64,22,38,4,11,20,44,49,68,2,6,51,98,23,78,12,46,52,51,35,10,55,64,41,80,42,87,11,98,27,17,89
genes_81_76_13_15_56_49_100_70_58_26_94_3_6_88_18_51_0_9_8_7_88_61_35_72_47_4_59_98_21_99_97_44_4_72_44_11_98_3_65_16,6,0.11300656939827279,301.14988427914267,81,76,13,15,56,49,100,70,58,26,94,3,6,88,18,51,0,9,8,7,88,61,35,72,47,4,59,98,21,99,97,44,4,72,44,11,98,3,65,16
genes_39_78_67_14_70_61_100_69_35_0_37_47_19_19_20_71_82_24_13_6_97_65_71_88_79_73_13_93_17_88_78_54_35_76_5_74_100_61_23_15,9,0.10325249258945417,303.51986010756974,39,78,67,14,70,61,100,69,35,0,37,47,19,19,20,71,82,24,13,6,97,65,71,88,79,73,13,93,17,88,78,54,35,76,5,74,100,61,23,15
genes_86_85_73_48_74_3_33_72_29_13_57_7_10_27_65_77_0_9_49_0_80_37_79_91_46_94_59_75_8_61_47_41_46_59_46_52_84_11_13_41,6,0.1023399822076443,303.55637702382245,86,85,73,48,74,3,33,72,29,13,57,7,10,27,65,77,0,9,49,0,80,37,79,91,46,94,59,75,8,61,47,41,46,59,46,52,84,11,13,41
genes_47_67_16_4_68_63_54_3_47_13_37_13_17_37_5_75_91_31_8_16_90_30_95_34_79_41_60_98_33_54_50_38_58_68_50_43_94_11_65_89,6,0.09735345338276014,305.6808847022791,47,67,16,4,68,63,54,3,47,13,37,13,17,37,5,75,91,31,8,16,90,30,95,34,79,41,60,98,33,54,50,38,58,68,50,43,94,11,65,89
genes_74_80_91_9_82_43_37_60_43_57_98_7_11_11_31_73_95_27_10_9_91_37_36_43_32_52_25_92_21_8_71_41_77_39_90_11_96_27_78_31,8,0.09867487246025228,308.19311323059225,74,80,91,9,82,43,37,60,43,57,98,7,11,11,31,73,95,27,10,9,91,37,36,43,32,52,25,92,21,8,71,41,77,39,90,11,96,27,78,31
genes_65_77_47_93_72_91_13_68_33_0_92_0_11_75_96_64_2_33_5_58_88_25_51_22_79_94_72_98_11_50_46_4_7_83_21_50_100_87_25_23,7,0.10417779960289317,308.61967568355266,65,77,47,93,72,91,13,68,33,0,92,0,11,75,96,64,2,33,5,58,88,25,51,22,79,94,72,98,11,50,46,4,7,83,21,50,100,87,25,23
genes_2_67_95_21_97_2_96_0_1_2_37_5_6_31_5_72_68_78_5_4_72_25_7_22_76_39_19_30_33_54_88_52_58_10_82_35_100_8_50_23,4,0.09776962944500223,309.7246013744571,2,67,95,21,97,2,96,0,1,2,37,5,6,31,5,72,68,78,5,4,72,25,7,22,76,39,19,30,33,54,88,52,58,10,82,35,100,8,50,23
genes_74_73_32_76_75_68_37_62_37_97_98_5_16_20_44_53_87_16_0_31_91_27_31_90_54_52_32_8_22_99_71_41_77_39_90_10_96_27_25_35,6,0.10024344610630044,313.74568570884935,74,73,32,76,75,68,37,62,37,97,98,5,16,20,44,53,87,16,0,31,91,27,31,90,54,52,32,8,22,99,71,41,77,39,90,10,96,27,25,35
genes_65_86_3_43_72_62_42_16_35_3_37_38_10_19_20_77_0_24_10_0_89_38_95_12_79_91_59_93_17_88_47_42_73_54_5_74_82_61_96_15,10,0.09720301152409115,314.2138995969734,65,86,3,43,72,62,42,16,35,3,37,38,10,19,20,77,0,24,10,0,89,38,95,12,79,91,59,93,17,88,47,42,73,54,5,74,82,61,96,15
genes_76_77_32_76_71_68_27_68_22_22_80_47_16_14_11_77_67_61_1_36_97_19_39_85_28_39_16_8_2_37_66_49_7_15_5_50_27_8_65_50,7,0.10958887746585369,318.5593937089521,76,77,32,76,71,68,27,68,22,22,80,47,16,14,11,77,67,61,1,36,97,19,39,85,28,39,16,8,2,37,66,49,7,15,5,50,27,8,65,50
genes_79_84_91_21_68_69_100_56_19_4_92_10_4_76_78_2_49_4_49_60_61_74_17_90_37_7_65_33_22_100_50_41_20_94_5_34_28_55_24_92,5,0.10001940147101387,319.5023687406557,79,84,91,21,68,69,100,56,19,4,92,10,4,76,78,2,49,4,49,60,61,74,17,90,37,7,65,33,22,100,50,41,20,94,5,34,28,55,24,92
genes_0_9_100_52_97_22_86_68_29_2_32_0_6_12_51_77_0_74_31_28_4_64_68_93_24_64_16_30_23_12_50_42_49_81_56_43_83_60_50_54,7,0.10940118355382807,319.6884581620654,0,9,100,52,97,22,86,68,29,2,32,0,6,12,51,77,0,74,31,28,4,64,68,93,24,64,16,30,23,12,50,42,49,81,56,43,83,60,50,54
genes_37_78_100_16_30_65_97_64_21_1_99_7_18_12_19_79_0_68_17_69_99_0_81_90_41_65_58_59_7_34_93_42_29_76_67_35_97_49_25_46,9,0.10800685794367532,320.5243205855614,37,78,100,16,30,65,97,64,21,1,99,7,18,12,19,79,0,68,17,69,99,0,81,90,41,65,58,59,7,34,93,42,29,76,67,35,97,49,25,46
genes_97_85_5_95_59_57_97_76_0_2_32_4_15_25_24_93_21_74_31_28_96_65_17_93_31_91_2_11_15_12_96_50_49_81_49_85_96_63_23_92,8,0.11232259830265956,322.4034070892201,97,85,5,95,59,57,97,76,0,2,32,4,15,25,24,93,21,74,31,28,96,65,17,93,31,91,2,11,15,12,96,50,49,81,49,85,96,63,23,92
genes_46_77_93_14_72_54_79_68_37_54_88_1_12_21_15_55_12_28_0_67_97_22_39_22_33_36_17_98_2_100_46_4_6_85_45_43_28_52_65_12,5,0.11208356506401038,322.71524590710754,46,77,93,14,72,54,79,68,37,54,88,1,12,21,15,55,12,28,0,67,97,22,39,22,33,36,17,98,2,100,46,4,6,85,45,43,28,52,65,12
genes_37_43_48_56_77_0_96_69_61_4_93_3_11_25_93_51_98_8_8_0_89_61_36_57_47_69_19_29_33_99_97_76_29_77_86_15_98_23_96_94,1,0.09671625641601377,323.045200051653,37,43,48,56,77,0,96,69,61,4,93,3,11,25,93,51,98,8,8,0,89,61,36,57,47,69,19,29,33,99,97,76,29,77,86,15,98,23,96,94
genes_77_11_20_14_55_64_23_69_25_31_99_5_15_15_8_74_28_23_8_41_99_35_42_44_64_67_14_99_32_8_65_75_87_18_85_72_87_50_38_54,7,0.10437944282669717,324.5539739592711,77,11,20,14,55,64,23,69,25,31,99,5,15,15,8,74,28,23,8,41,99,35,42,44,64,67,14,99,32,8,65,75,87,18,85,72,87,50,38,54
genes_54_81_92_14_84_75_100_73_61_5_92_5_12_13_49_72_8_63_68_9_6_26_7_31_88_68_19_31_57_50_78_50_12_63_51_50_100_8_67_92,9,0.10029626224006057,324.79430059363835,54,81,92,14,84,75,100,73,61,5,92,5,12,13,49,72,8,63,68,9,6,26,7,31,88,68,19,31,57,50,78,50,12,63,51,50,100,8,67,92
genes_48_78_45_93_77_73_51_62_0_0_94_9_12_31_44_5_91_5_13_45_89_41_36_57_40_96_70_98_41_36_65_41_73_68_86_69_28_93_7_53,3,0.10998648570268994,335.04312581893186,48,78,45,93,77,73,51,62,0,0,94,9,12,31,44,5,91,5,13,45,89,41,36,57,40,96,70,98,41,36,65,41,73,68,86,69,28,93,7,53
genes_74_82_43_99_83_2_33_72_35_8_92_3_8_20_93_73_95_9_9_81_99_37_80_90_33_43_27_79_21_50_81_52_12_76_90_15_100_27_25_35,4,0.10559022066781656,341.7427026265856,74,82,43,99,83,2,33,72,35,8,92,3,8,20,93,73,95,9,9,81,99,37,80,90,33,43,27,79,21,50,81,52,12,76,90,15,100,27,25,35
genes_99_82_93_49_86_65_100_76_35_32_92_5_8_20_93_73_86_31_45_100_99_91_42_88_33_43_66_11_86_50_81_76_87_76_5_72_100_56_86_42,2,0.118863887931659,343.3070350740824,99,82,93,49,86,65,100,76,35,32,92,5,8,20,93,73,86,31,45,100,99,91,42,88,33,43,66,11,86,50,81,76,87,76,5,72,100,56,86,42
genes_38_77_70_14_72_81_100_72_0_34_92_0_8_75_31_72_0_7_49_60_55_42_51_85_48_94_14_98_21_8_100_40_73_71_49_50_28_87_38_54,8,0.10457789160600361,343.4699091257056,38,77,70,14,72,81,100,72,0,34,92,0,8,75,31,72,0,7,49,60,55,42,51,85,48,94,14,98,21,8,100,40,73,71,49,50,28,87,38,54
genes_77_0_13_17_76_68_5_68_25_22_37_8_10_83_70_0_0_12_67_5_93_49_50_97_15_48_90_30_14_98_27_48_84_81_49_17_70_54_29_85,4,0.10968926650479424,346.9234164911177,77,0,13,17,76,68,5,68,25,22,37,8,10,83,70,0,0,12,67,5,93,49,50,97,15,48,90,30,14,98,27,48,84,81,49,17,70,54,29,85
genes_80_74_5_14_97_43_12_73_65_8_55_7_12_20_54_77_66_36_90_14_77_60_81_91_64_91_94_98_13_62_40_3_16_15_85_72_87_35_39_46,5,0.1094268784362826,347.2300475606836,80,74,5,14,97,43,12,73,65,8,55,7,12,20,54,77,66,36,90,14,77,60,81,91,64,91,94,98,13,62,40,3,16,15,85,72,87,35,39,46
genes_99_11_94_12_54_2_49_3_1_19_89_5_11_75_93_72_98_95_5_58_72_38_8_22_48_56_19_30_32_50_81_52_25_10_82_58_0_30_25_4,9,0.11421731172612125,348.8730718527065,99,11,94,12,54,2,49,3,1,19,89,5,11,75,93,72,98,95,5,58,72,38,8,22,48,56,19,30,32,50,81,52,25,10,82,58,0,30,25,4
genes_25_75_55_0_70_97_41_69_15_54_57_0_8_15_23_10_0_96_91_58_61_64_51_58_40_36_54_38_41_100_87_50_8_77_49_36_3_89_51_47,3,0.14384076825737888,349.4044312049835,25,75,55,0,70,97,41,69,15,54,57,0,8,15,23,10,0,96,91,58,61,64,51,58,40,36,54,38,41,100,87,50,8,77,49,36,3,89,51,47
genes_0_26_93_26_72_66_13_64_43_18_97_3_5_80_19_69_47_63_6_5_4_34_32_81_47_41_59_30_33_32_65_42_29_71_25_34_100_8_14_86,4,0.1133156832995675,350.2723430470513,0,26,93,26,72,66,13,64,43,18,97,3,5,80,19,69,47,63,6,5,4,34,32,81,47,41,59,30,33,32,65,42,29,71,25,34,100,8,14,86
genes_43_77_78_70_79_62_67_62_57_22_87_20_11_30_12_33_81_17_1_55_91_27_42_93_37_67_59_22_4_48_70_51_31_67_75_80_100_59_65_85,10,0.11278342088370712,350.84571114289315,43,77,78,70,79,62,67,62,57,22,87,20,11,30,12,33,81,17,1,55,91,27,42,93,37,67,59,22,4,48,70,51,31,67,75,80,100,59,65,85
genes_43_95_20_10_72_74_96_71_21_13_37_5_14_81_82_77_0_74_1_5_69_34_95_90_45_19_2_74_88_58_65_45_77_90_69_29_83_21_25_46,4,0.12684518703890815,356.69134216545723,43,95,20,10,72,74,96,71,21,13,37,5,14,81,82,77,0,74,1,5,69,34,95,90,45,19,2,74,88,58,65,45,77,90,69,29,83,21,25,46
genes_65_76_93_14_76_70_79_89_60_4_94_6_12_19_19_53_5_28_10_7_93_27_28_22_79_100_70_75_12_8_48_46_6_83_21_34_28_93_65_53,6,0.10899573845223991,358.44602367421913,65,76,93,14,76,70,79,89,60,4,94,6,12,19,19,53,5,28,10,7,93,27,28,22,79,100,70,75,12,8,48,46,6,83,21,34,28,93,65,53
genes_46_12_32_76_76_68_18_68_25_22_80_47_10_19_26_72_71_44_1_4_97_11_39_90_33_49_17_30_9_91_66_38_85_84_48_50_52_54_25_12,3,0.11698577253818221,363.681923393073,46,12,32,76,76,68,18,68,25,22,80,47,10,19,26,72,71,44,1,4,97,11,39,90,33,49,17,30,9,91,66,38,85,84,48,50,52,54,25,12
genes_52_73_54_14_73_45_12_29_25_8_88_50_12_11_54_55_30_36_49_0_89_59_47_87_86_100_94_98_13_8_44_66_7_65_85_72_28_35_25_18,7,0.11274743786866981,368.4620425817776,52,73,54,14,73,45,12,29,25,8,88,50,12,11,54,55,30,36,49,0,89,59,47,87,86,100,94,98,13,8,44,66,7,65,85,72,28,35,25,18
genes_44_20_45_10_69_62_100_65_92_22_62_9_12_76_70_75_2_12_91_1_93_34_53_90_49_78_2_98_14_11_100_53_79_66_84_0_84_28_22_38,3,0.11391187400482572,370.66229109810314,44,20,45,10,69,62,100,65,92,22,62,9,12,76,70,75,2,12,91,1,93,34,53,90,49,78,2,98,14,11,100,53,79,66,84,0,84,28,22,38
genes_79_12_98_92_68_69_100_58_61_46_54_22_15_33_88_75_84_11_12_3_4_33_36_75_48_73_46_11_29_99_96_41_73_58_46_43_98_8_65_48,4,0.11326240934877907,370.95011616209774,79,12,98,92,68,69,100,58,61,46,54,22,15,33,88,75,84,11,12,3,4,33,36,75,48,73,46,11,29,99,96,41,73,58,46,43,98,8,65,48
genes_67_76_93_7_72_43_100_89_43_22_41_7_17_11_15_53_2_27_5_45_77_27_36_84_32_70_70_98_25_8_46_41_25_73_50_43_21_92_27_50,2,0.11291154737578947,371.3732283677246,67,76,93,7,72,43,100,89,43,22,41,7,17,11,15,53,2,27,5,45,77,27,36,84,32,70,70,98,25,8,46,41,25,73,50,43,21,92,27,50
genes_90_74_14_48_72_0_96_69_43_54_38_10_11_12_94_49_68_70_10_0_98_23_36_12_77_88_69_35_10_55_64_54_20_10_86_43_3_23_17_89,2,0.1084070319252251,372.3603840764267,90,74,14,48,72,0,96,69,43,54,38,10,11,12,94,49,68,70,10,0,98,23,36,12,77,88,69,35,10,55,64,54,20,10,86,43,3,23,17,89
genes_97_84_22_43_52_45_8_3_25_54_57_80_8_11_4_52_30_8_2_0_89_38_39_93_64_36_94_98_13_59_77_2_12_36_85_72_87_56_58_12,2,0.10418214564662413,376.1903245708574,97,84,22,43,52,45,8,3,25,54,57,80,8,11,4,52,30,8,2,0,89,38,39,93,64,36,94,98,13,59,77,2,12,36,85,72,87,56,58,12
genes_69_23_93_4_72_73_100_57_0_13_94_7_10_28_75_72_82_28_5_0_94_99_80_88_40_93_15_29_41_36_50_41_78_81_86_69_23_89_7_92,4,0.12015873998485133,377.98858802015917,69,23,93,4,72,73,100,57,0,13,94,7,10,28,75,72,82,28,5,0,94,99,80,88,40,93,15,29,41,36,50,41,78,81,86,69,23,89,7,92
genes_78_81_87_67_76_64_100_66_29_99_97_6_6_32_4_77_2_38_13_0_89_32_95_12_37_7_64_79_0_8_47_49_73_83_50_87_87_11_25_10,5,0.11660941953937227,378.4009232548643,78,81,87,67,76,64,100,66,29,99,97,6,6,32,4,77,2,38,13,0,89,32,95,12,37,7,64,79,0,8,47,49,73,83,50,87,87,11,25,10
genes_43_38_15_76_68_10_13_58_21_8_92_7_10_25_36_53_0_21_6_1_69_4_34_90_77_2_22_12_88_11_65_8_4_90_4_41_25_66_17_41,6,0.12054095383453596,381.14972877261795,43,38,15,76,68,10,13,58,21,8,92,7,10,25,36,53,0,21,6,1,69,4,34,90,77,2,22,12,88,11,65,8,4,90,4,41,25,66,17,41
genes_95_83_63_12_76_81_88_64_19_34_92_7_5_17_19_57_63_71_51_7_86_0_37_85_33_38_62_59_10_83_69_50_7_15_44_42_7_24_25_46,4,0.10780658097411921,382.1129494418278,95,83,63,12,76,81,88,64,19,34,92,7,5,17,19,57,63,71,51,7,86,0,37,85,33,38,62,59,10,83,69,50,7,15,44,42,7,24,25,46
genes_89_71_45_15_80_40_100_69_20_10_57_7_11_75_19_49_2_33_72_4_88_35_78_94_84_73_51_98_10_8_88_76_79_68_64_46_0_8_18_15,9,0.1188117743262343,382.7324866766998,89,71,45,15,80,40,100,69,20,10,57,7,11,75,19,49,2,33,72,4,88,35,78,94,84,73,51,98,10,8,88,76,79,68,64,46,0,8,18,15
genes_46_76_76_14_84_8_95_73_25_0_92_8_10_12_0_53_75_24_3_0_6_4_99_94_88_36_22_28_48_11_45_8_4_90_51_39_100_66_67_92,4,0.12177018111308124,384.0888340744052,46,76,76,14,84,8,95,73,25,0,92,8,10,12,0,53,75,24,3,0,6,4,99,94,88,36,22,28,48,11,45,8,4,90,51,39,100,66,67,92
genes_65_64_3_10_86_13_100_4_25_0_92_7_15_32_10_53_75_9_5_10_96_4_98_90_82_45_22_59_48_34_97_39_79_59_50_43_25_66_14_54,3,0.1228339051159239,389.61510140607874,65,64,3,10,86,13,100,4,25,0,92,7,15,32,10,53,75,9,5,10,96,4,98,90,82,45,22,59,48,34,97,39,79,59,50,43,25,66,14,54
genes_0_76_93_58_68_61_100_62_20_22_94_7_6_88_79_34_84_61_14_77_62_59_68_83_13_97_71_25_21_50_50_49_65_68_46_7_31_56_14_42,2,0.11683010945504928,392.0091218109651,0,76,93,58,68,61,100,62,20,22,94,7,6,88,79,34,84,61,14,77,62,59,68,83,13,97,71,25,21,50,50,49,65,68,46,7,31,56,14,42
genes_99_15_100_3_75_70_100_33_63_31_36_3_14_29_22_77_70_27_8_57_94_1_50_35_17_2_94_94_4_29_100_57_84_68_49_11_43_52_63_49,2,0.10963491239098228,392.8369481479421,99,15,100,3,75,70,100,33,63,31,36,3,14,29,22,77,70,27,8,57,94,1,50,35,17,2,94,94,4,29,100,57,84,68,49,11,43,52,63,49
genes_47_84_91_100_73_64_100_68_88_3_92_12_6_15_10_72_83_21_17_67_88_74_37_90_37_64_70_30_22_34_50_51_73_90_25_11_52_56_15_92,4,0.12295354001494592,393.9155977396426,47,84,91,100,73,64,100,68,88,3,92,12,6,15,10,72,83,21,17,67,88,74,37,90,37,64,70,30,22,34,50,51,73,90,25,11,52,56,15,92
genes_47_81_16_67_76_90_54_66_47_54_97_8_6_79_31_75_57_31_1_0_90_30_95_12_37_7_60_79_20_45_50_39_91_83_64_22_95_50_70_94,3,0.11445636180643991,396.04301264974487,47,81,16,67,76,90,54,66,47,54,97,8,6,79,31,75,57,31,1,0,90,30,95,12,37,7,60,79,20,45,50,39,91,83,64,22,95,50,70,94
genes_42_40_8_12_68_65_97_64_20_4_57_22_6_31_24_57_83_21_90_7_3_0_68_88_16_64_71_30_31_58_50_42_29_71_67_35_100_87_25_46,4,0.1172746860891016,398.0371339843558,42,40,8,12,68,65,97,64,20,4,57,22,6,31,24,57,83,21,90,7,3,0,68,88,16,64,71,30,31,58,50,42,29,71,67,35,100,87,25,46
